Section,Dish,Price,Price 2,Uber Eats price,Show,Featured,Vietnamese name,Description,Card label,Card description,Card note,Section note,Section tag
Pho,Rare Beef Pho,$17,,,Yes,2,Phở Tái,,New,"Rare beef and rice noodles in a clear, flavourful broth, with fresh herbs and sauces on the side.",,Not on Uber Eats yet. Dine in or pick up.,"New, in store only"
Pho,Chicken Pho,$17,,,Yes,,Phở Gà,,,,,,
Pho,Rare Beef & Beef Balls Pho,$19,,,Yes,,Phở Tái Bò Viên,,,,,,
Pho,Rare Beef & Brisket Pho,$19,,,Yes,,Phở Tái Nạm,,,,,,
Pho,Combination Pho,$21,,,Yes,,Phở Tái Nạm Bò Viên,"Rare beef, brisket and beef meatballs",,,,,
Banh Mi,Roasted Pork Banh Mi,$11.50,,$15.80,Yes,1,Bánh Mì Heo Quay,,No. 1 most liked,"Roast pork and crunchy crackling in a roll baked here this morning, with carrot pickle, cucumber, pâté, egg butter and coriander.",93% liked on Uber Eats (31),Rolls baked on the premises every morning.,
Banh Mi,Lemongrass Beef Banh Mi,$10.50,,,Yes,,Bánh Mì Thịt Bò,,,,,,
Banh Mi,Lemongrass Chicken Banh Mi,$10,,,Yes,,Bánh Mì Gà,,,,,,
Banh Mi,Grilled Pork Banh Mi,$10,,,Yes,,Bánh Mì Thịt Nướng,,,,,,
Banh Mi,Grilled Pork Meatball Banh Mi,$9.50,,,Yes,,Bánh Mì Nem Nướng,,,,,,
Banh Mi,Vegan Banh Mi,$9.50,,,Yes,,Bánh Mì Chay,,,,,,
Banh Mi,Egg Banh Mi,$9,,,Yes,,Bánh Mì Trứng,,,,,,
Rice Paper Rolls,Roasted Pork Rice Paper Rolls,2 for $8.40,3 for $12,,Yes,,Gỏi Cuốn Heo Quay,,,,,,
Rice Paper Rolls,Prawn Rice Paper Rolls,2 for $8.40,3 for $12,$15.80,Yes,3,Gỏi Cuốn Tôm,,Made to order,"King prawns, lettuce, herbs, pickled carrot, cucumber and rice noodles, with hoisin peanut sauce.",100% liked on Uber Eats (7),,
Rice Paper Rolls,Chicken Rice Paper Rolls,2 for $8.40,3 for $12,$14.80,Yes,5,Gỏi Cuốn Thịt Gà,,No. 3 most liked,"Grilled chicken rolled with rice noodles, pickled carrot, cucumber and fresh herbs.",100% liked on Uber Eats (9),,
Rice Paper Rolls,Beef Rice Paper Rolls,2 for $8.40,3 for $12,,Yes,,,,,,,,
Rice Paper Rolls,Vegan Rice Paper Rolls,2 for $8.40,3 for $12,,Yes,,Gỏi Cuốn Chay,,,,,,
Rice Dishes,Broken Rice & Grilled Pork,$15,,,Yes,,Cơm Tấm Sườn,,,,,,
Rice Dishes,"Broken Rice, Grilled Pork & Omelette",$16,,$21.60,Yes,4,Cơm Tấm Sườn Trứng Ốp La,,No. 2 most liked,"Char-grilled pork chop and an omelette over fragrant broken rice with scallion oil, pickles, fresh lettuce and fish sauce.",100% liked on Uber Eats (3),,
Rice Dishes,Roasted Pork Rice,$17,,,Yes,,Cơm Heo Quay,,,,,,
Rice Dishes,Lemongrass Chicken Rice,$15,,,Yes,,Cơm Gà Nướng,,,,,,
Rice Dishes,Lemongrass Beef Rice,$16,,,Yes,,Cơm Bò Xào Sả,,,,,,
Rice Dishes,Vegan Rice,$15,,,Yes,,Cơm Chay,,,,,,
Rice Noodle Salads,Meatball Rice Noodle Salad,$15,,,Yes,,Bún Nem Nướng,,,,,,
Rice Noodle Salads,Grilled Pork & Spring Rolls Rice Noodle Salad,$17,,,Yes,,Bún Thịt Nướng Chả Giò,,,,,,
Rice Noodle Salads,Roasted Pork Rice Noodle Salad,$17,,,Yes,,Bún Heo Quay,,,,,,
Rice Noodle Salads,Lemongrass Chicken Rice Noodle Salad,$15,,,Yes,,Bún Gà Nướng Sả,,,,,,
Rice Noodle Salads,Lemongrass Beef Rice Noodle Salad,$16,,,Yes,,Bún Bò Xào Sả,,,,,,
Rice Noodle Salads,Vegan Rice Noodle Salad,$15,,,Yes,,Bún Chay,,,,,,
Appetisers,Pork Spring Rolls,3 for $7.60,4 for $8,,Yes,,Chả Giò Thịt Heo,,,,,,
Appetisers,Vegan Spring Rolls,3 for $7.60,4 for $8,,Yes,,Chả Giò Chay,,,,,,
Appetisers,Fried Wontons,4 for $6,6 for $8,,Yes,,Hoành Thánh Chiên,,,,,,
Appetisers,Meatball Skewers,1 for $5,2 for $9.50,,Yes,,Nem Nướng,,,,,,
Appetisers,Hot Chips,$5,,,Yes,,Khoai Tây Chiên,,,,,,
Extras,Extra Meat,$3,,,Yes,,,,,,,,
Extras,Extra Egg,$2.50,,,Yes,,,,,,,,
Extras,Extra Spring Roll,$2.50,,,Yes,,,,,,,,
Extras,Extra Rice,$3,,,Yes,,,,,,,,
Extras,Extra Pho,$3,,,Yes,,,,,,,,
Drinks,Iced Vietnamese Coffee,,,$6.50,Yes,6,,,House favourite,"Robusta beans, phin-brewed the slow way, poured over ice with sweetened condensed milk.",80% liked on Uber Eats (10),,
